recipe_id,Recipe Name,Recipe Link
1,One-pan piri piri chicken dinner,https://www.bbcgoodfood.com/recipes/one-pan-piri-piri-chicken-dinner
2,Christmas dinner wellington,https://www.bbcgoodfood.com/recipes/christmas-dinner-wellington
3,Creamy courgette lasagne,https://www.bbcgoodfood.com/recipes/creamy-courgette-lasagne
4,Creamy mushroom pasta,https://www.bbcgoodfood.com/recipes/creamy-mushroom-pasta
5,Chicken & chorizo jambalaya,https://www.bbcgoodfood.com/recipes/chicken-chorizo-jambalaya
6,One-pan roast dinner,https://www.bbcgoodfood.com/recipes/one-pan-roast-dinner
7,Best Yorkshire puddings,https://www.bbcgoodfood.com/recipes/best-yorkshire-puddings
8,Chicken pasta bake,https://www.bbcgoodfood.com/recipes/chicken-pasta-bake
9,Sweet potato & peanut curry,https://www.bbcgoodfood.com/recipes/satay-sweet-potato-curry
10,"Spinach, sweet potato & lentil dhal",https://www.bbcgoodfood.com/recipes/spinach-sweet-potato-lentil-dhal
11,Pasta with salmon & peas,https://www.bbcgoodfood.com/recipes/pasta-salmon-peas
12,Indian butternut squash curry,https://www.bbcgoodfood.com/recipes/indian-butternut-squash-curry
13,Healthy roast dinner,https://www.bbcgoodfood.com/recipes/healthy-roast-dinner
14,Cottage pie,https://www.bbcgoodfood.com/recipes/cottage-pie
15,Chicken & chorizo ragu,https://www.bbcgoodfood.com/recipes/chicken-chorizo-ragu
16,Broccoli & stilton soup,https://www.bbcgoodfood.com/recipes/broccoli-stilton-soup
17,"Creamy salmon, leek & potato traybake",https://www.bbcgoodfood.com/recipes/creamy-salmon-leek-potato-traybake
18,Chorizo & mozzarella gnocchi bake,https://www.bbcgoodfood.com/recipes/chorizo-mozzarella-gnocchi-bake
19,Ultimate spaghetti carbonara recipe,https://www.bbcgoodfood.com/recipes/ultimate-spaghetti-carbonara-recipe
20,Christmas dinner for one,https://www.bbcgoodfood.com/recipes/christmas-dinner-one
21,Roast dinner for one,https://www.bbcgoodfood.com/recipes/roast-dinner-one
22,Ultimate crème brûlée,https://www.bbcgoodfood.com/recipes/ultimate-creme-brulee
23,Air fryer roast dinner,https://www.bbcgoodfood.com/recipes/air-fryer-roast-dinner
24,Slow-cooker beef stew,https://www.bbcgoodfood.com/recipes/slow-cooker-beef-stew
25,Chilli prawn linguine,https://www.bbcgoodfood.com/recipes/chilli-prawn-linguine
26,Ultimate roast potatoes,https://www.bbcgoodfood.com/recipes/ultimate-roast-potatoes
27,Christmas dinner traybake,https://www.bbcgoodfood.com/recipes/christmas-dinner-traybake
28,One-tray roast chicken dinner,https://www.bbcgoodfood.com/recipes/one-tray-roast-chicken-dinner
29,Chicken arrabbiata stew & parmesan dumplings,https://www.bbcgoodfood.com/recipes/chicken-arrabbiata-stew-parmesan-dumplings
30,Chilli con carne recipe,https://www.bbcgoodfood.com/recipes/chilli-con-carne-recipe
31,"Red lentil, chickpea & chilli soup",https://www.bbcgoodfood.com/recipes/red-lentil-chickpea-chilli-soup
32,Easy chicken casserole,https://www.bbcgoodfood.com/recipes/chicken-white-bean-stew
33,Beef stroganoff,https://www.bbcgoodfood.com/recipes/beef-stroganoff
34,Toad-in-the-hole,https://www.bbcgoodfood.com/recipes/sams-toad-hole
35,Vegetarian lasagne,https://www.bbcgoodfood.com/recipes/easy-vegetable-lasagne
36,Easy vegetarian chilli,https://www.bbcgoodfood.com/recipes/easy-vegetarian-chilli
37,No-fuss shepherd's pie,https://www.bbcgoodfood.com/recipes/no-fuss-shepherds-pie
38,Easy risotto with bacon & peas,https://www.bbcgoodfood.com/recipes/easy-risotto-bacon-peas
39,Tomato & mascarpone risotto,https://www.bbcgoodfood.com/recipes/tomato-mascarpone-risotto
40,Homemade apple pie,https://www.bbcgoodfood.com/recipes/ultimate-apple-pie
41,Spiced carrot & lentil soup,https://www.bbcgoodfood.com/recipes/spiced-carrot-lentil-soup
42,Prawn & harissa spaghetti,https://www.bbcgoodfood.com/recipes/prawn-harissa-spaghetti
43,Bean & halloumi stew,https://www.bbcgoodfood.com/recipes/bean-halloumi-stew
44,Chorizo & pea risotto,https://www.bbcgoodfood.com/recipes/chorizo-pea-risotto
45,The best spaghetti bolognese recipe,https://www.bbcgoodfood.com/recipes/best-spaghetti-bolognese-recipe
46,Amatriciana chicken traybake,https://www.bbcgoodfood.com/recipes/amatriciana-chicken-traybake
47,Paprika pork,https://www.bbcgoodfood.com/recipes/paprika-pork
48,One-pot chicken chasseur,https://www.bbcgoodfood.com/recipes/one-pot-chicken-chasseur
49,Sausage ragu,https://www.bbcgoodfood.com/recipes/sausage-ragu
50,Chicken noodle soup,https://www.bbcgoodfood.com/recipes/chicken-noodle-soup
51,Mustard-stuffed chicken,https://www.bbcgoodfood.com/recipes/mustard-stuffed-chicken
52,"Sausage, sage & onion stuffing",https://www.bbcgoodfood.com/recipes/sausage-sage-onion-stuffing
53,Next level chicken pie,https://www.bbcgoodfood.com/recipes/next-level-chicken-pie
54,Easiest ever seafood rice,https://www.bbcgoodfood.com/recipes/easiest-ever-paella
55,Christmas dinner pie with roasted veg,https://www.bbcgoodfood.com/recipes/christmas-dinner-pie-with-roasted-veg
56,Somerset stew with cheddar & parsley mash,https://www.bbcgoodfood.com/recipes/somerset-stew-cheddar-parsley-mash
57,Spinach & ricotta pancake bake,https://www.bbcgoodfood.com/recipes/spinach-ricotta-pancake-bake
58,Easy chicken curry,https://www.bbcgoodfood.com/recipes/easy-chicken-curry
59,Mushroom risotto,https://www.bbcgoodfood.com/recipes/mushroom-risotto
60,Slow cooker chicken tikka masala,https://www.bbcgoodfood.com/recipes/slow-cooker-chicken-tikka-masala
61,Easy lamb tagine,https://www.bbcgoodfood.com/recipes/fruity-lamb-tagine
62,Home-style chicken curry,https://www.bbcgoodfood.com/recipes/home-style-chicken-curry
63,"Sausage, kale & gnocchi one-pot",https://www.bbcgoodfood.com/recipes/sausage-kale-gnocchi-one-pot
64,Teriyaki salmon,https://www.bbcgoodfood.com/recipes/teriyaki-salmon-sesame-pak-choi
65,Family meals: Easy fish pie recipe,https://www.bbcgoodfood.com/recipes/family-meals-easy-fish-pie-recipe
66,Baked sea bass with lemon caper dressing,https://www.bbcgoodfood.com/recipes/baked-sea-bass-lemon-caper-dressing
67,Lamb biryani,https://www.bbcgoodfood.com/recipes/lamb-biryani
68,Sticky Chinese five-spice chicken traybake,https://www.bbcgoodfood.com/recipes/sticky-chinese-chicken-traybake
69,Nut roast,https://www.bbcgoodfood.com/recipes/nut-loaf
70,Burnt aubergine veggie chilli,https://www.bbcgoodfood.com/recipes/burnt-aubergine-veggie-chilli
71,Big-batch bolognese,https://www.bbcgoodfood.com/recipes/big-batch-bolognese
72,Slow cooker honey mustard chicken thighs,https://www.bbcgoodfood.com/recipes/slow-cooker-honey-mustard-chicken-thighs
73,Easy turkey burgers,https://www.bbcgoodfood.com/recipes/turkey-burgers
74,Roasted sweet potato & carrot soup,https://www.bbcgoodfood.com/recipes/roasted-sweet-potato-carrot-soup
75,Chicken & bacon pasta,https://www.bbcgoodfood.com/recipes/chicken-bacon-pasta
76,Air fryer sausages,https://www.bbcgoodfood.com/recipes/air-fryer-sausages
77,Sausage & leek mash pie,https://www.bbcgoodfood.com/recipes/sausage-leek-mash-pie
78,Beef massaman curry,https://www.bbcgoodfood.com/recipes/beef-massaman-curry
79,Fajita-style pasta,https://www.bbcgoodfood.com/recipes/fajita-style-pasta
80,Celery soup,https://www.bbcgoodfood.com/recipes/celery-soup
81,Pulled chicken & black bean chilli,https://www.bbcgoodfood.com/recipes/pulled-chicken-black-bean-chilli
82,Self-saucing Jaffa pudding,https://www.bbcgoodfood.com/recipes/self-saucing-jaffa-pudding
83,Coconut & squash dhansak,https://www.bbcgoodfood.com/recipes/coconut-squash-dhansak
84,Coconut fish curry,https://www.bbcgoodfood.com/recipes/coconut-fish-curry
85,Cod & chorizo stew,https://www.bbcgoodfood.com/recipes/cod-chorizo-stew
86,Mushroom stroganoff,https://www.bbcgoodfood.com/recipes/mushroom-stroganoff
87,Carrot & coriander soup,https://www.bbcgoodfood.com/recipes/carrot-coriander-soup
88,Pulled pork,https://www.bbcgoodfood.com/recipes/pulled-pork
89,Easy teriyaki chicken,https://www.bbcgoodfood.com/recipes/easy-teriyaki-chicken
90,Spicy cauliflower & halloumi rice,https://www.bbcgoodfood.com/recipes/spicy-cauliflower-halloumi-rice
91,Veggie yaki udon,https://www.bbcgoodfood.com/recipes/veggie-yaki-udon
92,Butternut squash & sage risotto,https://www.bbcgoodfood.com/recipes/butternut-squash-sage-risotto
93,Tomato soup,https://www.bbcgoodfood.com/recipes/tomato-soup
94,Three-hour pork belly,https://www.bbcgoodfood.com/recipes/three-hour-pork-belly
95,Perfect pancakes recipe,https://www.bbcgoodfood.com/recipes/perfect-pancakes-recipe
96,Chicken jalfrezi,https://www.bbcgoodfood.com/recipes/chicken-jalfrezi
97,Ultimate quiche Lorraine,https://www.bbcgoodfood.com/recipes/ultimate-quiche-lorraine
98,Piri-piri chicken with smashed sweet potatoes & broccoli,https://www.bbcgoodfood.com/recipes/piri-piri-chicken-smashed-sweet-potatoes-broccoli
99,Pork noodle stir-fry,https://www.bbcgoodfood.com/recipes/pork-noodle-stir-fry
100,Spiced lentil & butternut squash soup,https://www.bbcgoodfood.com/recipes/spiced-lentil-butternut-squash-soup
101,Speedy sausage stroganoff tagliatelle,https://www.bbcgoodfood.com/recipes/speedy-sausage-stroganoff-tagliatelle
102,Spaghetti puttanesca,https://www.bbcgoodfood.com/recipes/spaghetti-puttanesca
103,Double bean & roasted pepper chilli,https://www.bbcgoodfood.com/recipes/double-bean-roasted-pepper-chilli
104,Honey & mustard chicken thighs with spring veg,https://www.bbcgoodfood.com/recipes/honey-mustard-chicken-thighs-spring-veg
105,Teriyaki salmon parcels,https://www.bbcgoodfood.com/recipes/teriyaki-salmon-parcels
106,Summer-in-winter chicken,https://www.bbcgoodfood.com/recipes/summer-winter-chicken
107,Superhealthy salmon burgers,https://www.bbcgoodfood.com/recipes/superhealthy-salmon-burgers
108,Beef curry,https://www.bbcgoodfood.com/recipes/beef-curry
109,Chicken & lemon skewers,https://www.bbcgoodfood.com/recipes/chicken-lemon-skewers
110,Kidney bean curry,https://www.bbcgoodfood.com/recipes/kidney-bean-curry
111,"Sesame salmon, purple sprouting broccoli & sweet potato mash",https://www.bbcgoodfood.com/recipes/sesame-salmon-purple-sprouting-broccoli-sweet-potato-mash
112,Paneer korma,https://www.bbcgoodfood.com/recipes/paneer-korma
113,Spanakopita,https://www.bbcgoodfood.com/recipes/crispy-greek-style-pie
114,Rice pudding,https://www.bbcgoodfood.com/recipes/a-nice-rice-pudding
115,Chicken madras,https://www.bbcgoodfood.com/recipes/chicken-madras
116,One-pan salmon with roast asparagus,https://www.bbcgoodfood.com/recipes/one-pan-salmon-roast-asparagus
117,Moroccan chicken with sweet potato mash,https://www.bbcgoodfood.com/recipes/moroccan-chicken-sweet-potato-mash
118,Harissa cauliflower pilaf,https://www.bbcgoodfood.com/recipes/harissa-cauliflower-pilaf
119,Classic lasagne,https://www.bbcgoodfood.com/recipes/classic-lasagne-0
120,Slow cooker pulled chicken,https://www.bbcgoodfood.com/recipes/slow-cooker-pulled-chicken
121,Lamb koftas,https://www.bbcgoodfood.com/recipes/lamb-koftas
122,Beef bourguignon,https://www.bbcgoodfood.com/recipes/beef-bourguignon
123,Chickpea curry,https://www.bbcgoodfood.com/recipes/kadala-curry
124,Spiced salmon with traybaked sag aloo,https://www.bbcgoodfood.com/recipes/spiced-salmon-traybaked-sag-aloo
125,"Steak, ale & mushroom pie",https://www.bbcgoodfood.com/recipes/proper-beef-ale-mushroom-pie
126,Chicken biryani,https://www.bbcgoodfood.com/recipes/chicken-biryani
127,Beef ragout,https://www.bbcgoodfood.com/recipes/beef-ragout
128,Strawberry cheesecake in 4 easy steps,https://www.bbcgoodfood.com/recipes/strawberry-cheesecake-4-easy-steps
129,Carrot biryani,https://www.bbcgoodfood.com/recipes/carrot-biriyani
130,Curried chicken & new potato traybake,https://www.bbcgoodfood.com/recipes/curried-chicken-new-potato-traybake
131,Chicken parmesan,https://www.bbcgoodfood.com/recipes/chicken-parmigiana
132,Roasted aubergine & tomato curry,https://www.bbcgoodfood.com/recipes/roasted-aubergine-tomato-curry
133,Meatball & garlic bread traybake,https://www.bbcgoodfood.com/recipes/meatball-garlic-bread-traybake
134,Chinese chicken curry,https://www.bbcgoodfood.com/recipes/chinese-chicken-curry
135,"Slow-cooked pork, cider & sage hotpot",https://www.bbcgoodfood.com/recipes/slow-cooked-pork-cider-sage-hotpot
136,"Smoked salmon with prawns, horseradish cream & lime vinaigrette",https://www.bbcgoodfood.com/recipes/smoked-salmon-prawns-horseradish-cream-lime-vinaigrette
137,Key lime pie,https://www.bbcgoodfood.com/recipes/key-lime-pie-1
138,Pork medallions,https://www.bbcgoodfood.com/recipes/pork-medallions
139,Air fryer baked potatoes,https://www.bbcgoodfood.com/recipes/air-fryer-baked-potatoes
140,Smoked salmon & lemon risotto,https://www.bbcgoodfood.com/recipes/smoked-salmon-lemon-risotto
141,Chicken satay salad,https://www.bbcgoodfood.com/recipes/chicken-satay-salad
142,Beef stew,https://www.bbcgoodfood.com/recipes/beef-vegetable-casserole
143,Versatile veg soup,https://www.bbcgoodfood.com/recipes/versatile-veg-soup
144,Crispy za'atar chicken pilaf with pomegranate,https://www.bbcgoodfood.com/recipes/crispy-zaatar-chicken-pilaf-with-pomegranate
145,Enchilada pie,https://www.bbcgoodfood.com/recipes/enchilada-pie
146,Ultimate meringue,https://www.bbcgoodfood.com/recipes/ultimate-meringue
147,Chicken & chorizo paella,https://www.bbcgoodfood.com/recipes/chicken-chorizo-paella
148,Slow-cooker chicken korma,https://www.bbcgoodfood.com/recipes/slow-cooker-chicken-korma
149,Chicken tikka masala,https://www.bbcgoodfood.com/recipes/chicken-tikka-masala
150,Easy lentil curry,https://www.bbcgoodfood.com/recipes/easy-peasy-lentil-curry
151,Coconut chicken curry,https://www.bbcgoodfood.com/recipes/chicken-sweet-potato-coconut-curry
152,"Aubergine, halloumi & harissa skillet bake",https://www.bbcgoodfood.com/recipes/aubergine-halloumi-harissa-skillet-bake
153,Fish pie mac ’n’ cheese,https://www.bbcgoodfood.com/recipes/fish-pie-mac-n-cheese
154,Moussaka,https://www.bbcgoodfood.com/recipes/moussaka
155,Vegan paella,https://www.bbcgoodfood.com/recipes/vegan-paella
156,Creamy courgette & bacon pasta,https://www.bbcgoodfood.com/recipes/creamy-courgette-bacon-pasta
157,Next level spaghetti carbonara,https://www.bbcgoodfood.com/recipes/next-level-spaghetti-carbonara
158,Easy chicken fajitas,https://www.bbcgoodfood.com/recipes/easy-chicken-fajitas
159,Pan-fried chicken in mushroom sauce,https://www.bbcgoodfood.com/recipes/pan-fried-chicken-mushroom-sauce
160,Mexican chicken stew,https://www.bbcgoodfood.com/recipes/mexican-chicken-stew
161,Mediterranean turkey-stuffed peppers,https://www.bbcgoodfood.com/recipes/mediterranean-turkey-stuffed-peppers
162,Best ever macaroni cheese recipe,https://www.bbcgoodfood.com/recipes/best-ever-macaroni-cheese-recipe
163,"Creamy ham, leek & mushroom spaghetti",https://www.bbcgoodfood.com/recipes/creamy-ham-leek-mushroom-spaghetti
164,Asparagus cream pasta,https://www.bbcgoodfood.com/recipes/asparagus-cream-pasta
165,Chicken supreme,https://www.bbcgoodfood.com/recipes/chicken-supreme
166,"Courgette, potato & cheddar soup",https://www.bbcgoodfood.com/recipes/courgette-potato-cheddar-soup
167,Oven baked chicken breast,https://www.bbcgoodfood.com/recipes/baked-chicken-lemon
168,Easy paella,https://www.bbcgoodfood.com/recipes/easy-paella
169,One-pan pasta,https://www.bbcgoodfood.com/recipes/one-pan-spaghetti
170,15-minute chicken & halloumi burgers,https://www.bbcgoodfood.com/recipes/15-minute-chicken-halloumi-burgers
171,Honey chicken,https://www.bbcgoodfood.com/recipes/honey-chicken
172,Salmon pesto traybake with baby roast potatoes,https://www.bbcgoodfood.com/recipes/salmon-pesto-traybake-baby-roast-potatoes
173,Prawn tagliatelle with courgettes,https://www.bbcgoodfood.com/recipes/lemony-prawn-courgette-tagliatelle
174,Creamed spinach,https://www.bbcgoodfood.com/recipes/creamed-spinach
175,Fragrant lemongrass & coconut chicken stir-fry,https://www.bbcgoodfood.com/recipes/fragrant-lemongrass-coconut-chicken-stir-fry
176,Old Delhi-style butter chicken,https://www.bbcgoodfood.com/recipes/old-delhi-style-butter-chicken
177,No yeast pizza dough,https://www.bbcgoodfood.com/recipes/no-yeast-pizza-dough
178,"Creamy garlic, lemon & spinach salmon",https://www.bbcgoodfood.com/recipes/creamy-garlic-lemon-spinach-salmon
179,Quick seafood linguine,https://www.bbcgoodfood.com/recipes/20minute-seafood-pasta
180,Creamy spinach chicken,https://www.bbcgoodfood.com/recipes/creamy-spinach-chicken
181,Air fryer chicken breasts,https://www.bbcgoodfood.com/recipes/air-fryer-chicken-breasts
182,Spanish meatball & butter bean stew,https://www.bbcgoodfood.com/recipes/spanish-meatball-butter-bean-stew
183,Spicy root & lentil casserole,https://www.bbcgoodfood.com/recipes/spicy-root-lentil-casserole
184,Ravioli lasagne,https://www.bbcgoodfood.com/recipes/ravioli-lasagne
185,"Chicken, leek & brown rice stir-fry",https://www.bbcgoodfood.com/recipes/chicken-leek-brown-rice-stir-fry
186,Fish pie - in four steps,https://www.bbcgoodfood.com/recipes/fish-pie-four-steps
187,Beef wellington,https://www.bbcgoodfood.com/recipes/beef-wellington
188,Ultimate lemon meringue pie,https://www.bbcgoodfood.com/recipes/ultimate-lemon-meringue-pie
189,One-pot chicken & curry rice,https://www.bbcgoodfood.com/recipes/one-pot-chicken-curry-rice
190,Italian veggie cottage pie,https://www.bbcgoodfood.com/recipes/italian-veggie-cottage-pie
191,Vegetarian fajitas,https://www.bbcgoodfood.com/recipes/veggie-fajitas
192,Chicken & sweet potato curry,https://www.bbcgoodfood.com/recipes/chicken-sweet-potato-curry
193,Pasta alla vodka,https://www.bbcgoodfood.com/recipes/pasta-alla-vodka
194,Meatball black bean chilli,https://www.bbcgoodfood.com/recipes/meatball-black-bean-chilli
195,Tomato & thyme cod,https://www.bbcgoodfood.com/recipes/tomato-thyme-cod
196,Caponata pasta,https://www.bbcgoodfood.com/recipes/caponata-pasta
197,Coronation chicken pie,https://www.bbcgoodfood.com/recipes/coronation-chicken-pie
198,Greek-style roast fish,https://www.bbcgoodfood.com/recipes/greek-style-roast-fish
199,Honey mustard chicken pot with parsnips,https://www.bbcgoodfood.com/recipes/honey-mustard-chicken-pot-parsnips
200,Spicy chilli bean soup,https://www.bbcgoodfood.com/recipes/spicy-chilli-bean-soup
201,Roast chicken traybake,https://www.bbcgoodfood.com/recipes/roast-chicken-tray-bake
202,Sausage & mushroom ragu,https://www.bbcgoodfood.com/recipes/sausage-mushroom-ragu
203,Greek lamb with orzo,https://www.bbcgoodfood.com/recipes/greek-lamb-orzo
204,Roasted duck breast with plum sauce,https://www.bbcgoodfood.com/recipes/roasted-duck-breast-plum-sauce
205,"Herby rice with roasted veg, chickpeas & halloumi",https://www.bbcgoodfood.com/recipes/herby-rice-roasted-veg-chickpeas-halloumi
206,Roast mushroom gnocchi,https://www.bbcgoodfood.com/recipes/roast-mushroom-gnocchi
207,Spanish chicken traybake with chorizo & peppers,https://www.bbcgoodfood.com/recipes/spanish-chicken-traybake-chorizo-peppers
208,Vegan chilli,https://www.bbcgoodfood.com/recipes/vegan-chilli
209,Beef goulash,https://www.bbcgoodfood.com/recipes/beef-goulash
210,Chicken with lemon & courgette couscous,https://www.bbcgoodfood.com/recipes/chicken-lemon-courgette-couscous
211,Harissa-crumbed fish with lentils & peppers,https://www.bbcgoodfood.com/recipes/harissa-crumbed-fish-lentils-peppers
212,Mexican chicken burger,https://www.bbcgoodfood.com/recipes/mexican-chicken-burger
213,Red lentil & squash dhal,https://www.bbcgoodfood.com/recipes/red-lentil-squash-dhal
214,Crispy chilli turkey noodles,https://www.bbcgoodfood.com/recipes/crispy-chilli-turkey-noodles
215,Roast tomatoes,https://www.bbcgoodfood.com/recipes/roast-tomatoes
216,Pan-fried salmon,https://www.bbcgoodfood.com/recipes/pan-fried-salmon
217,Indian sweet potato & dhal pies,https://www.bbcgoodfood.com/recipes/indian-sweet-potato-dhal-pies
218,Italian broccoli & salmon bake,https://www.bbcgoodfood.com/recipes/italian-broccoli-salmon-bake
219,Mushroom & spinach risotto,https://www.bbcgoodfood.com/recipes/mushroom-spinach-risotto
220,Slow-cooker sausage casserole,https://www.bbcgoodfood.com/recipes/slow-cooker-sausage-casserole
221,Mushroom wellingtons,https://www.bbcgoodfood.com/recipes/melty-mushroom-wellingtons
222,Leftover turkey tikka masala,https://www.bbcgoodfood.com/recipes/turkey-tikka-masala
223,Simple fish stew,https://www.bbcgoodfood.com/recipes/simple-fish-stew
224,Leftover lamb curry,https://www.bbcgoodfood.com/recipes/leftover-lamb-curry
225,Cheat's ramen noodle soup,https://www.bbcgoodfood.com/recipes/japanese-ramen-noodle-soup
226,One-pan Thai green salmon,https://www.bbcgoodfood.com/recipes/one-pan-thai-green-salmon
227,Vegan jambalaya,https://www.bbcgoodfood.com/recipes/vegan-jambalaya
228,Vegan burritos,https://www.bbcgoodfood.com/recipes/vegan-burritos
229,Creamy mushroom & spinach pasta,https://www.bbcgoodfood.com/recipes/creamy-mushroom-spinach-pasta
230,"Cauliflower, paneer & pea curry",https://www.bbcgoodfood.com/recipes/cauliflower-paneer-pea-curry
